[
   {
     "model":"contenttypes.contenttype",
     "pk":1,
     "fields":{
       "app_label":"admin",
       "model":"logentry"
     }
   },
   {
     "model":"contenttypes.contenttype",
     "pk":2,
     "fields":{
       "app_label":"auth",
       "model":"permission"
     }
   },
   {
     "model":"contenttypes.contenttype",
     "pk":3,
     "fields":{
       "app_label":"auth",
       "model":"group"
     }
   },
   {
     "model":"contenttypes.contenttype",
     "pk":4,
     "fields":{
       "app_label":"auth",
       "model":"user"
     }
   },
   {
     "model":"contenttypes.contenttype",
     "pk":5,
     "fields":{
       "app_label":"contenttypes",
       "model":"contenttype"
     }
   },
   {
     "model":"contenttypes.contenttype",
     "pk":6,
     "fields":{
       "app_label":"sessions",
       "model":"session"
     }
   },
   {
     "model":"contenttypes.contenttype",
     "pk":7,
     "fields":{
       "app_label":"projects",
       "model":"delivery"
     }
   },
   {
     "model":"contenttypes.contenttype",
     "pk":8,
     "fields":{
       "app_label":"projects",
       "model":"project"
     }
   },
   {
     "model":"contenttypes.contenttype",
     "pk":9,
     "fields":{
       "app_label":"projects",
       "model":"projectcategory"
     }
   },
   {
     "model":"contenttypes.contenttype",
     "pk":10,
     "fields":{
       "app_label":"projects",
       "model":"task"
     }
   },
   {
     "model":"contenttypes.contenttype",
     "pk":11,
     "fields":{
       "app_label":"projects",
       "model":"taskfile"
     }
   },
   {
     "model":"contenttypes.contenttype",
     "pk":12,
     "fields":{
       "app_label":"projects",
       "model":"taskfileteam"
     }
   },
   {
     "model":"contenttypes.contenttype",
     "pk":13,
     "fields":{
       "app_label":"projects",
       "model":"taskoffer"
     }
   },
   {
     "model":"contenttypes.contenttype",
     "pk":14,
     "fields":{
       "app_label":"projects",
       "model":"team"
     }
   },
   {
     "model":"contenttypes.contenttype",
     "pk":15,
     "fields":{
       "app_label":"user",
       "model":"profile"
     }
   },
   {
     "model":"contenttypes.contenttype",
     "pk":16,
     "fields":{
       "app_label":"payment",
       "model":"payment"
     }
   },
   {
     "model":"contenttypes.contenttype",
     "pk":17,
     "fields":{
       "app_label":"taggit",
       "model":"tag"
     }
   },
   {
     "model":"contenttypes.contenttype",
     "pk":18,
     "fields":{
       "app_label":"taggit",
       "model":"taggeditem"
     }
   },
   {
     "model":"sessions.session",
     "pk":"0vhh34mfcya164oujo3jcz1svrk3h7y2",
     "fields":{
       "session_data":"NDRlMGNlMmE3ODViODkyMWUzMTk1MWI0NzZkNTQxMjM0ZWUwZGI3OTp7Il9hdXRoX3VzZXJfaWQiOiIxIiwiX2F1dGhfdXNlcl9iYWNrZW5kIjoiZGphbmdvLmNvbnRyaWIuYXV0aC5iYWNrZW5kcy5Nb2RlbEJhY2tlbmQiLCJfYXV0aF91c2VyX2hhc2giOiJkZTRkNTBmMjFjNDM4YmYwMjViMmJkODRhY2IyMDczNTI5YTNiODZlIn0=",
       "expire_date":"2020-01-30T10:46:24.133Z"
     }
   },
   {
     "model":"sessions.session",
     "pk":"71byl4x5g7zm585dovscy6mpe1my4mdg",
     "fields":{
       "session_data":"MDVhMmUwNjA5MTk2ZTBiYTNmZTgyMjA1ZDE0MzBjNDIyNmRhY2YxYjp7Il9hdXRoX3VzZXJfaWQiOiI0IiwiX2F1dGhfdXNlcl9iYWNrZW5kIjoiZGphbmdvLmNvbnRyaWIuYXV0aC5iYWNrZW5kcy5Nb2RlbEJhY2tlbmQiLCJfYXV0aF91c2VyX2hhc2giOiIxYzkzZDIxYzc1OTE5ZmM4Y2RjYzE5ZTQ2MmNkMTA1ZDI0MTRlZmVkIn0=",
       "expire_date":"2020-03-14T12:37:20.038Z"
     }
   },
   {
     "model":"sessions.session",
     "pk":"hkyxcvquhvzgvvhhucqqk3vktgzdca12",
     "fields":{
       "session_data":"NDRlMGNlMmE3ODViODkyMWUzMTk1MWI0NzZkNTQxMjM0ZWUwZGI3OTp7Il9hdXRoX3VzZXJfaWQiOiIxIiwiX2F1dGhfdXNlcl9iYWNrZW5kIjoiZGphbmdvLmNvbnRyaWIuYXV0aC5iYWNrZW5kcy5Nb2RlbEJhY2tlbmQiLCJfYXV0aF91c2VyX2hhc2giOiJkZTRkNTBmMjFjNDM4YmYwMjViMmJkODRhY2IyMDczNTI5YTNiODZlIn0=",
       "expire_date":"2020-01-30T12:48:16.531Z"
     }
   },
   {
     "model":"projects.projectcategory",
     "pk":1,
     "fields":{
       "name":"Cleaning"
     }
   },
   {
     "model":"projects.projectcategory",
     "pk":2,
     "fields":{
       "name":"Painting"
     }
   },
   {
     "model":"projects.projectcategory",
     "pk":3,
     "fields":{
       "name":"Gardening"
     }
   },
   {
     "model":"projects.project",
     "pk":21,
     "fields":{
       "user":1,
       "title":"Please clean my house",
       "description":"First floor needs cleaning",
       "category":1,
       "status":"o",
       "participants":[
 
       ]
     }
   },
   {
     "model":"projects.project",
     "pk":22,
     "fields":{
       "user":1,
       "title":"Clean my basement",
       "description":"My old basement needs cleaning",
       "category":1,
       "status":"o",
       "participants":[
 
       ]
     }
   },
   {
     "model":"projects.project",
     "pk":23,
     "fields":{
       "user":2,
       "title":"Paint the garage",
       "description":"The garage needs painting",
       "category":2,
       "status":"o",
       "participants":[
 
       ]
     }
   },
   {
     "model":"projects.project",
     "pk":24,
     "fields":{
       "user":2,
       "title":"Various painting",
       "description":"Paint some small parts of my house for a decent amount of money.",
       "category":2,
       "status":"o",
       "participants":[
 
       ]
     }
   },
   {
     "model":"projects.project",
     "pk":25,
     "fields":{
       "user":3,
       "title":"Gardening",
       "description":"Small easy gardening task in my garden",
       "category":3,
       "status":"o",
       "participants":[
 
       ]
     }
   },
   {
     "model":"projects.project",
     "pk":26,
     "fields":{
       "user":3,
       "title":"Landscaping",
       "description":"Create a landscaping plan for my driveway!",
       "category":3,
       "status":"o",
       "participants":[
 
       ]
     }
   },
   {
     "model":"projects.task",
     "pk":24,
     "fields":{
       "project":21,
       "title":"Clean the bath room",
       "description":"The bathroom on the first floor needs cleaning",
       "budget":100,
       "status":"ad",
       "feedback":"",
       "read":[
 
       ],
       "write":[
 
       ],
       "modify":[
 
       ]
     }
   },
   {
     "model":"projects.task",
     "pk":25,
     "fields":{
       "project":21,
       "title":"First floor cleaning",
       "description":"Clean everything except the bathroom",
       "budget":400,
       "status":"ad",
       "feedback":"",
       "read":[
 
       ],
       "write":[
 
       ],
       "modify":[
 
       ]
     }
   },
   {
     "model":"projects.task",
     "pk":26,
     "fields":{
       "project":22,
       "title":"Clean the hallway",
       "description":"Hallway is big and has a lot of dust",
       "budget":400,
       "status":"ad",
       "feedback":"",
       "read":[
 
       ],
       "write":[
 
       ],
       "modify":[
 
       ]
     }
   },
   {
     "model":"projects.task",
     "pk":27,
     "fields":{
       "project":22,
       "title":"Clean the bedroom",
       "description":"Small bedroom",
       "budget":200,
       "status":"ad",
       "feedback":"",
       "read":[
 
       ],
       "write":[
 
       ],
       "modify":[
 
       ]
     }
   },
   {
     "model":"projects.task",
     "pk":28,
     "fields":{
       "project":23,
       "title":"Paint the garage door white",
       "description":"Change the color of the garage door from red to white",
       "budget":500,
       "status":"ad",
       "feedback":"",
       "read":[
 
       ],
       "write":[
 
       ],
       "modify":[
 
       ]
     }
   },
   {
     "model":"projects.task",
     "pk":29,
     "fields":{
       "project":23,
       "title":"Paint the rest of the garage",
       "description":"Rest of the garage should be black",
       "budget":1000,
       "status":"ad",
       "feedback":"",
       "read":[
 
       ],
       "write":[
 
       ],
       "modify":[
 
       ]
     }
   },
   {
     "model":"projects.task",
     "pk":30,
     "fields":{
       "project":24,
       "title":"Paint the door",
       "description":"Paint the door red (currently, it is blue)",
       "budget":200,
       "status":"ad",
       "feedback":"",
       "read":[
 
       ],
       "write":[
 
       ],
       "modify":[
 
       ]
     }
   },
   {
     "model":"projects.task",
     "pk":31,
     "fields":{
       "project":24,
       "title":"Paint the railings ",
       "description":"The railing should be blue. Blue is my favorite color",
       "budget":500,
       "status":"ad",
       "feedback":"",
       "read":[
 
       ],
       "write":[
 
       ],
       "modify":[
 
       ]
     }
   },
   {
     "model":"projects.task",
     "pk":32,
     "fields":{
       "project":25,
       "title":"Pick garbage",
       "description":"Pick garbage around the house",
       "budget":50,
       "status":"ad",
       "feedback":"",
       "read":[
 
       ],
       "write":[
 
       ],
       "modify":[
 
       ]
     }
   },
   {
     "model":"projects.task",
     "pk":33,
     "fields":{
       "project":25,
       "title":"Mow the lawn",
       "description":"Mow the lawn",
       "budget":100,
       "status":"ad",
       "feedback":"",
       "read":[
 
       ],
       "write":[
 
       ],
       "modify":[
 
       ]
     }
   },
   {
     "model":"projects.task",
     "pk":34,
     "fields":{
       "project":26,
       "title":"Create a architectural drawing for a new driveway",
       "description":"Create a proposal architectural drawing for a new driveway",
       "budget":10000,
       "status":"ad",
       "feedback":"",
       "read":[
 
       ],
       "write":[
 
       ],
       "modify":[
 
       ]
     }
   },
   {
     "model":"projects.task",
     "pk":35,
     "fields":{
       "project":26,
       "title":"Do the landscaping for my driveway",
       "description":"Big task = a lot of money",
       "budget":100000,
       "status":"ad",
       "feedback":"",
       "read":[
 
       ],
       "write":[
 
       ],
       "modify":[
 
       ]
     }
   },
   {
     "model":"taggit.tag",
     "pk":35,
     "fields":{
       "name":"cleaning",
       "slug":"cleaning"
     }
   },
   {
     "model":"taggit.tag",
     "pk":36,
     "fields":{
       "name":"house",
       "slug":"house"
     }
   },
   {
     "model":"taggit.tag",
     "pk":37,
     "fields":{
       "name":"washing",
       "slug":"washing"
     }
   },
   {
     "model":"taggit.tag",
     "pk":38,
     "fields":{
       "name":"basement",
       "slug":"basement"
     }
   },
   {
     "model":"taggit.tag",
     "pk":39,
     "fields":{
       "name":"dust",
       "slug":"dust"
     }
   },
   {
     "model":"taggit.tag",
     "pk":40,
     "fields":{
       "name":"painting",
       "slug":"painting"
     }
   },
   {
     "model":"taggit.tag",
     "pk":41,
     "fields":{
       "name":"red",
       "slug":"red"
     }
   },
   {
     "model":"taggit.tag",
     "pk":42,
     "fields":{
       "name":"garage",
       "slug":"garage"
     }
   },
   {
     "model":"taggit.tag",
     "pk":43,
     "fields":{
       "name":"outside",
       "slug":"outside"
     }
   },
   {
     "model":"taggit.tag",
     "pk":44,
     "fields":{
       "name":"white",
       "slug":"white"
     }
   },
   {
     "model":"taggit.tag",
     "pk":45,
     "fields":{
       "name":"black",
       "slug":"black"
     }
   },
   {
     "model":"taggit.tag",
     "pk":46,
     "fields":{
       "name":"easymoney",
       "slug":"easymoney"
     }
   },
   {
     "model":"taggit.tag",
     "pk":47,
     "fields":{
       "name":"blue",
       "slug":"blue"
     }
   },
   {
     "model":"taggit.tag",
     "pk":48,
     "fields":{
       "name":"easy",
       "slug":"easy"
     }
   },
   {
     "model":"taggit.tag",
     "pk":49,
     "fields":{
       "name":"smalltasks",
       "slug":"smalltasks"
     }
   },
   {
     "model":"taggit.tag",
     "pk":50,
     "fields":{
       "name":"garden",
       "slug":"garden"
     }
   },
   {
     "model":"taggit.tag",
     "pk":51,
     "fields":{
       "name":"small tasks",
       "slug":"small-tasks"
     }
   },
   {
     "model":"taggit.tag",
     "pk":52,
     "fields":{
       "name":"work",
       "slug":"work"
     }
   },
   {
     "model":"taggit.tag",
     "pk":53,
     "fields":{
       "name":"bigtask",
       "slug":"bigtask"
     }
   },
   {
     "model":"taggit.tag",
     "pk":54,
     "fields":{
       "name":"landscaping",
       "slug":"landscaping"
     }
   },
   {
     "model":"taggit.tag",
     "pk":55,
     "fields":{
       "name":"gardening",
       "slug":"gardening"
     }
   },
   {
     "model":"taggit.tag",
     "pk":56,
     "fields":{
       "name":"big task",
       "slug":"big-task"
     }
   },
   {
     "model":"taggit.taggeditem",
     "pk":52,
     "fields":{
       "tag":35,
       "content_type":9,
       "object_id":1
     }
   },
   {
     "model":"taggit.taggeditem",
     "pk":53,
     "fields":{
       "tag":36,
       "content_type":9,
       "object_id":1
     }
   },
   {
     "model":"taggit.taggeditem",
     "pk":54,
     "fields":{
       "tag":37,
       "content_type":9,
       "object_id":1
     }
   },
   {
     "model":"taggit.taggeditem",
     "pk":55,
     "fields":{
       "tag":35,
       "content_type":8,
       "object_id":21
     }
   },
   {
     "model":"taggit.taggeditem",
     "pk":56,
     "fields":{
       "tag":36,
       "content_type":8,
       "object_id":21
     }
   },
   {
     "model":"taggit.taggeditem",
     "pk":57,
     "fields":{
       "tag":37,
       "content_type":8,
       "object_id":21
     }
   },
   {
     "model":"taggit.taggeditem",
     "pk":58,
     "fields":{
       "tag":38,
       "content_type":9,
       "object_id":1
     }
   },
   {
     "model":"taggit.taggeditem",
     "pk":59,
     "fields":{
       "tag":39,
       "content_type":9,
       "object_id":1
     }
   },
   {
     "model":"taggit.taggeditem",
     "pk":60,
     "fields":{
       "tag":35,
       "content_type":8,
       "object_id":22
     }
   },
   {
     "model":"taggit.taggeditem",
     "pk":61,
     "fields":{
       "tag":38,
       "content_type":8,
       "object_id":22
     }
   },
   {
     "model":"taggit.taggeditem",
     "pk":62,
     "fields":{
       "tag":39,
       "content_type":8,
       "object_id":22
     }
   },
   {
     "model":"taggit.taggeditem",
     "pk":63,
     "fields":{
       "tag":40,
       "content_type":9,
       "object_id":2
     }
   },
   {
     "model":"taggit.taggeditem",
     "pk":64,
     "fields":{
       "tag":41,
       "content_type":9,
       "object_id":2
     }
   },
   {
     "model":"taggit.taggeditem",
     "pk":65,
     "fields":{
       "tag":42,
       "content_type":9,
       "object_id":2
     }
   },
   {
     "model":"taggit.taggeditem",
     "pk":66,
     "fields":{
       "tag":43,
       "content_type":9,
       "object_id":2
     }
   },
   {
     "model":"taggit.taggeditem",
     "pk":67,
     "fields":{
       "tag":44,
       "content_type":9,
       "object_id":2
     }
   },
   {
     "model":"taggit.taggeditem",
     "pk":68,
     "fields":{
       "tag":45,
       "content_type":9,
       "object_id":2
     }
   },
   {
     "model":"taggit.taggeditem",
     "pk":69,
     "fields":{
       "tag":40,
       "content_type":8,
       "object_id":23
     }
   },
   {
     "model":"taggit.taggeditem",
     "pk":70,
     "fields":{
       "tag":41,
       "content_type":8,
       "object_id":23
     }
   },
   {
     "model":"taggit.taggeditem",
     "pk":71,
     "fields":{
       "tag":42,
       "content_type":8,
       "object_id":23
     }
   },
   {
     "model":"taggit.taggeditem",
     "pk":72,
     "fields":{
       "tag":43,
       "content_type":8,
       "object_id":23
     }
   },
   {
     "model":"taggit.taggeditem",
     "pk":73,
     "fields":{
       "tag":44,
       "content_type":8,
       "object_id":23
     }
   },
   {
     "model":"taggit.taggeditem",
     "pk":74,
     "fields":{
       "tag":45,
       "content_type":8,
       "object_id":23
     }
   },
   {
     "model":"taggit.taggeditem",
     "pk":75,
     "fields":{
       "tag":46,
       "content_type":9,
       "object_id":2
     }
   },
   {
     "model":"taggit.taggeditem",
     "pk":76,
     "fields":{
       "tag":47,
       "content_type":9,
       "object_id":2
     }
   },
   {
     "model":"taggit.taggeditem",
     "pk":77,
     "fields":{
       "tag":41,
       "content_type":8,
       "object_id":24
     }
   },
   {
     "model":"taggit.taggeditem",
     "pk":78,
     "fields":{
       "tag":46,
       "content_type":8,
       "object_id":24
     }
   },
   {
     "model":"taggit.taggeditem",
     "pk":79,
     "fields":{
       "tag":47,
       "content_type":8,
       "object_id":24
     }
   },
   {
     "model":"taggit.taggeditem",
     "pk":80,
     "fields":{
       "tag":48,
       "content_type":9,
       "object_id":3
     }
   },
   {
     "model":"taggit.taggeditem",
     "pk":81,
     "fields":{
       "tag":49,
       "content_type":9,
       "object_id":3
     }
   },
   {
     "model":"taggit.taggeditem",
     "pk":82,
     "fields":{
       "tag":50,
       "content_type":9,
       "object_id":3
     }
   },
   {
     "model":"taggit.taggeditem",
     "pk":83,
     "fields":{
       "tag":48,
       "content_type":8,
       "object_id":25
     }
   },
   {
     "model":"taggit.taggeditem",
     "pk":84,
     "fields":{
       "tag":50,
       "content_type":8,
       "object_id":25
     }
   },
   {
     "model":"taggit.taggeditem",
     "pk":85,
     "fields":{
       "tag":51,
       "content_type":8,
       "object_id":25
     }
   },
   {
     "model":"taggit.taggeditem",
     "pk":86,
     "fields":{
       "tag":52,
       "content_type":9,
       "object_id":3
     }
   },
   {
     "model":"taggit.taggeditem",
     "pk":87,
     "fields":{
       "tag":53,
       "content_type":9,
       "object_id":3
     }
   },
   {
     "model":"taggit.taggeditem",
     "pk":88,
     "fields":{
       "tag":54,
       "content_type":9,
       "object_id":3
     }
   },
   {
     "model":"taggit.taggeditem",
     "pk":89,
     "fields":{
       "tag":55,
       "content_type":9,
       "object_id":3
     }
   },
   {
     "model":"taggit.taggeditem",
     "pk":90,
     "fields":{
       "tag":56,
       "content_type":8,
       "object_id":26
     }
   },
   {
     "model":"taggit.taggeditem",
     "pk":91,
     "fields":{
       "tag":52,
       "content_type":8,
       "object_id":26
     }
   },
   {
     "model":"taggit.taggeditem",
     "pk":92,
     "fields":{
       "tag":54,
       "content_type":8,
       "object_id":26
     }
   },
   {
     "model":"taggit.taggeditem",
     "pk":93,
     "fields":{
       "tag":55,
       "content_type":8,
       "object_id":26
     }
   },
   {
     "model":"auth.permission",
     "pk":1,
     "fields":{
       "name":"Can add log entry",
       "content_type":1,
       "codename":"add_logentry"
     }
   },
   {
     "model":"auth.permission",
     "pk":2,
     "fields":{
       "name":"Can change log entry",
       "content_type":1,
       "codename":"change_logentry"
     }
   },
   {
     "model":"auth.permission",
     "pk":3,
     "fields":{
       "name":"Can delete log entry",
       "content_type":1,
       "codename":"delete_logentry"
     }
   },
   {
     "model":"auth.permission",
     "pk":4,
     "fields":{
       "name":"Can view log entry",
       "content_type":1,
       "codename":"view_logentry"
     }
   },
   {
     "model":"auth.permission",
     "pk":5,
     "fields":{
       "name":"Can add permission",
       "content_type":2,
       "codename":"add_permission"
     }
   },
   {
     "model":"auth.permission",
     "pk":6,
     "fields":{
       "name":"Can change permission",
       "content_type":2,
       "codename":"change_permission"
     }
   },
   {
     "model":"auth.permission",
     "pk":7,
     "fields":{
       "name":"Can delete permission",
       "content_type":2,
       "codename":"delete_permission"
     }
   },
   {
     "model":"auth.permission",
     "pk":8,
     "fields":{
       "name":"Can view permission",
       "content_type":2,
       "codename":"view_permission"
     }
   },
   {
     "model":"auth.permission",
     "pk":9,
     "fields":{
       "name":"Can add group",
       "content_type":3,
       "codename":"add_group"
     }
   },
   {
     "model":"auth.permission",
     "pk":10,
     "fields":{
       "name":"Can change group",
       "content_type":3,
       "codename":"change_group"
     }
   },
   {
     "model":"auth.permission",
     "pk":11,
     "fields":{
       "name":"Can delete group",
       "content_type":3,
       "codename":"delete_group"
     }
   },
   {
     "model":"auth.permission",
     "pk":12,
     "fields":{
       "name":"Can view group",
       "content_type":3,
       "codename":"view_group"
     }
   },
   {
     "model":"auth.permission",
     "pk":13,
     "fields":{
       "name":"Can add user",
       "content_type":4,
       "codename":"add_user"
     }
   },
   {
     "model":"auth.permission",
     "pk":14,
     "fields":{
       "name":"Can change user",
       "content_type":4,
       "codename":"change_user"
     }
   },
   {
     "model":"auth.permission",
     "pk":15,
     "fields":{
       "name":"Can delete user",
       "content_type":4,
       "codename":"delete_user"
     }
   },
   {
     "model":"auth.permission",
     "pk":16,
     "fields":{
       "name":"Can view user",
       "content_type":4,
       "codename":"view_user"
     }
   },
   {
     "model":"auth.permission",
     "pk":17,
     "fields":{
       "name":"Can add content type",
       "content_type":5,
       "codename":"add_contenttype"
     }
   },
   {
     "model":"auth.permission",
     "pk":18,
     "fields":{
       "name":"Can change content type",
       "content_type":5,
       "codename":"change_contenttype"
     }
   },
   {
     "model":"auth.permission",
     "pk":19,
     "fields":{
       "name":"Can delete content type",
       "content_type":5,
       "codename":"delete_contenttype"
     }
   },
   {
     "model":"auth.permission",
     "pk":20,
     "fields":{
       "name":"Can view content type",
       "content_type":5,
       "codename":"view_contenttype"
     }
   },
   {
     "model":"auth.permission",
     "pk":21,
     "fields":{
       "name":"Can add session",
       "content_type":6,
       "codename":"add_session"
     }
   },
   {
     "model":"auth.permission",
     "pk":22,
     "fields":{
       "name":"Can change session",
       "content_type":6,
       "codename":"change_session"
     }
   },
   {
     "model":"auth.permission",
     "pk":23,
     "fields":{
       "name":"Can delete session",
       "content_type":6,
       "codename":"delete_session"
     }
   },
   {
     "model":"auth.permission",
     "pk":24,
     "fields":{
       "name":"Can view session",
       "content_type":6,
       "codename":"view_session"
     }
   },
   {
     "model":"auth.permission",
     "pk":25,
     "fields":{
       "name":"Can add delivery",
       "content_type":7,
       "codename":"add_delivery"
     }
   },
   {
     "model":"auth.permission",
     "pk":26,
     "fields":{
       "name":"Can change delivery",
       "content_type":7,
       "codename":"change_delivery"
     }
   },
   {
     "model":"auth.permission",
     "pk":27,
     "fields":{
       "name":"Can delete delivery",
       "content_type":7,
       "codename":"delete_delivery"
     }
   },
   {
     "model":"auth.permission",
     "pk":28,
     "fields":{
       "name":"Can view delivery",
       "content_type":7,
       "codename":"view_delivery"
     }
   },
   {
     "model":"auth.permission",
     "pk":29,
     "fields":{
       "name":"Can add project",
       "content_type":8,
       "codename":"add_project"
     }
   },
   {
     "model":"auth.permission",
     "pk":30,
     "fields":{
       "name":"Can change project",
       "content_type":8,
       "codename":"change_project"
     }
   },
   {
     "model":"auth.permission",
     "pk":31,
     "fields":{
       "name":"Can delete project",
       "content_type":8,
       "codename":"delete_project"
     }
   },
   {
     "model":"auth.permission",
     "pk":32,
     "fields":{
       "name":"Can view project",
       "content_type":8,
       "codename":"view_project"
     }
   },
   {
     "model":"auth.permission",
     "pk":33,
     "fields":{
       "name":"Can add project category",
       "content_type":9,
       "codename":"add_projectcategory"
     }
   },
   {
     "model":"auth.permission",
     "pk":34,
     "fields":{
       "name":"Can change project category",
       "content_type":9,
       "codename":"change_projectcategory"
     }
   },
   {
     "model":"auth.permission",
     "pk":35,
     "fields":{
       "name":"Can delete project category",
       "content_type":9,
       "codename":"delete_projectcategory"
     }
   },
   {
     "model":"auth.permission",
     "pk":36,
     "fields":{
       "name":"Can view project category",
       "content_type":9,
       "codename":"view_projectcategory"
     }
   },
   {
     "model":"auth.permission",
     "pk":37,
     "fields":{
       "name":"Can add task",
       "content_type":10,
       "codename":"add_task"
     }
   },
   {
     "model":"auth.permission",
     "pk":38,
     "fields":{
       "name":"Can change task",
       "content_type":10,
       "codename":"change_task"
     }
   },
   {
     "model":"auth.permission",
     "pk":39,
     "fields":{
       "name":"Can delete task",
       "content_type":10,
       "codename":"delete_task"
     }
   },
   {
     "model":"auth.permission",
     "pk":40,
     "fields":{
       "name":"Can view task",
       "content_type":10,
       "codename":"view_task"
     }
   },
   {
     "model":"auth.permission",
     "pk":41,
     "fields":{
       "name":"Can add task file",
       "content_type":11,
       "codename":"add_taskfile"
     }
   },
   {
     "model":"auth.permission",
     "pk":42,
     "fields":{
       "name":"Can change task file",
       "content_type":11,
       "codename":"change_taskfile"
     }
   },
   {
     "model":"auth.permission",
     "pk":43,
     "fields":{
       "name":"Can delete task file",
       "content_type":11,
       "codename":"delete_taskfile"
     }
   },
   {
     "model":"auth.permission",
     "pk":44,
     "fields":{
       "name":"Can view task file",
       "content_type":11,
       "codename":"view_taskfile"
     }
   },
   {
     "model":"auth.permission",
     "pk":45,
     "fields":{
       "name":"Can add task file team",
       "content_type":12,
       "codename":"add_taskfileteam"
     }
   },
   {
     "model":"auth.permission",
     "pk":46,
     "fields":{
       "name":"Can change task file team",
       "content_type":12,
       "codename":"change_taskfileteam"
     }
   },
   {
     "model":"auth.permission",
     "pk":47,
     "fields":{
       "name":"Can delete task file team",
       "content_type":12,
       "codename":"delete_taskfileteam"
     }
   },
   {
     "model":"auth.permission",
     "pk":48,
     "fields":{
       "name":"Can view task file team",
       "content_type":12,
       "codename":"view_taskfileteam"
     }
   },
   {
     "model":"auth.permission",
     "pk":49,
     "fields":{
       "name":"Can add task offer",
       "content_type":13,
       "codename":"add_taskoffer"
     }
   },
   {
     "model":"auth.permission",
     "pk":50,
     "fields":{
       "name":"Can change task offer",
       "content_type":13,
       "codename":"change_taskoffer"
     }
   },
   {
     "model":"auth.permission",
     "pk":51,
     "fields":{
       "name":"Can delete task offer",
       "content_type":13,
       "codename":"delete_taskoffer"
     }
   },
   {
     "model":"auth.permission",
     "pk":52,
     "fields":{
       "name":"Can view task offer",
       "content_type":13,
       "codename":"view_taskoffer"
     }
   },
   {
     "model":"auth.permission",
     "pk":53,
     "fields":{
       "name":"Can add team",
       "content_type":14,
       "codename":"add_team"
     }
   },
   {
     "model":"auth.permission",
     "pk":54,
     "fields":{
       "name":"Can change team",
       "content_type":14,
       "codename":"change_team"
     }
   },
   {
     "model":"auth.permission",
     "pk":55,
     "fields":{
       "name":"Can delete team",
       "content_type":14,
       "codename":"delete_team"
     }
   },
   {
     "model":"auth.permission",
     "pk":56,
     "fields":{
       "name":"Can view team",
       "content_type":14,
       "codename":"view_team"
     }
   },
   {
     "model":"auth.permission",
     "pk":57,
     "fields":{
       "name":"Can add profile",
       "content_type":15,
       "codename":"add_profile"
     }
   },
   {
     "model":"auth.permission",
     "pk":58,
     "fields":{
       "name":"Can change profile",
       "content_type":15,
       "codename":"change_profile"
     }
   },
   {
     "model":"auth.permission",
     "pk":59,
     "fields":{
       "name":"Can delete profile",
       "content_type":15,
       "codename":"delete_profile"
     }
   },
   {
     "model":"auth.permission",
     "pk":60,
     "fields":{
       "name":"Can view profile",
       "content_type":15,
       "codename":"view_profile"
     }
   },
   {
     "model":"auth.permission",
     "pk":61,
     "fields":{
       "name":"Can add payment",
       "content_type":16,
       "codename":"add_payment"
     }
   },
   {
     "model":"auth.permission",
     "pk":62,
     "fields":{
       "name":"Can change payment",
       "content_type":16,
       "codename":"change_payment"
     }
   },
   {
     "model":"auth.permission",
     "pk":63,
     "fields":{
       "name":"Can delete payment",
       "content_type":16,
       "codename":"delete_payment"
     }
   },
   {
     "model":"auth.permission",
     "pk":64,
     "fields":{
       "name":"Can view payment",
       "content_type":16,
       "codename":"view_payment"
     }
   },
   {
     "model":"auth.permission",
     "pk":65,
     "fields":{
       "name":"Can add Tag",
       "content_type":17,
       "codename":"add_tag"
     }
   },
   {
     "model":"auth.permission",
     "pk":66,
     "fields":{
       "name":"Can change Tag",
       "content_type":17,
       "codename":"change_tag"
     }
   },
   {
     "model":"auth.permission",
     "pk":67,
     "fields":{
       "name":"Can delete Tag",
       "content_type":17,
       "codename":"delete_tag"
     }
   },
   {
     "model":"auth.permission",
     "pk":68,
     "fields":{
       "name":"Can view Tag",
       "content_type":17,
       "codename":"view_tag"
     }
   },
   {
     "model":"auth.permission",
     "pk":69,
     "fields":{
       "name":"Can add Tagged Item",
       "content_type":18,
       "codename":"add_taggeditem"
     }
   },
   {
     "model":"auth.permission",
     "pk":70,
     "fields":{
       "name":"Can change Tagged Item",
       "content_type":18,
       "codename":"change_taggeditem"
     }
   },
   {
     "model":"auth.permission",
     "pk":71,
     "fields":{
       "name":"Can delete Tagged Item",
       "content_type":18,
       "codename":"delete_taggeditem"
     }
   },
   {
     "model":"auth.permission",
     "pk":72,
     "fields":{
       "name":"Can view Tagged Item",
       "content_type":18,
       "codename":"view_taggeditem"
     }
   },
   {
     "model":"auth.user",
     "pk":1,
     "fields":{
       "password":"pbkdf2_sha256$120000$PPYAg5H8rJMd$HtPRRskTwyGeS4OfD0uGHTi0zz6kk3LXe047ULSs1eo=",
       "last_login":"2020-01-16T12:48:16.518Z",
       "is_superuser":true,
       "username":"admin",
       "first_name":"",
       "last_name":"",
       "email":"",
       "is_staff":true,
       "is_active":true,
       "date_joined":"2020-01-16T10:41:57.429Z",
       "groups":[
 
       ],
       "user_permissions":[
 
       ]
     }
   },
   {
     "model":"auth.user",
     "pk":2,
     "fields":{
       "password":"pbkdf2_sha256$120000$3H0GWjqo83UP$RE5tKujZ7ag5g1WpRF0/B1o+WlIjljGCvtXmHhWfaT0=",
       "last_login":null,
       "is_superuser":false,
       "username":"harrypotter",
       "first_name":"Harry",
       "last_name":"Potter",
       "email":"hp@deskjet.example.com",
       "is_staff":false,
       "is_active":true,
       "date_joined":"2020-01-16T10:58:37Z",
       "groups":[
 
       ],
       "user_permissions":[
 
       ]
     }
   },
   {
     "model":"auth.user",
     "pk":3,
     "fields":{
       "password":"pbkdf2_sha256$120000$v65mxfD9YgRY$YrzXu5Mff0m2rS93IYc04MuzHWxVi7i1qgt0Ud1nLas=",
       "last_login":"2020-01-16T11:03:20Z",
       "is_superuser":false,
       "username":"joe",
       "first_name":"Joe",
       "last_name":"Dough",
       "email":"jd@garden.example.com",
       "is_staff":false,
       "is_active":true,
       "date_joined":"2020-01-16T10:59:07Z",
       "groups":[
 
       ],
       "user_permissions":[
 
       ]
     }
   },
   {
     "model":"auth.user",
     "pk":4,
     "fields":{
       "password":"pbkdf2_sha256$120000$w4rAmUawhKmK$w1D4hTNqSHVHLpkUhMS1h+VHGIviVSDHdt7bf5h2Dfk=",
       "last_login":"2020-02-29T12:36:09.859Z",
       "is_superuser":true,
       "username":"supermats",
       "first_name":"",
       "last_name":"",
       "email":"",
       "is_staff":true,
       "is_active":true,
       "date_joined":"2020-02-29T12:35:48.867Z",
       "groups":[
 
       ],
       "user_permissions":[
 
       ]
     }
   },
   {
     "model":"user.profile",
     "pk":1,
     "fields":{
       "user":1,
       "company":"",
       "phone_number":"",
       "country":"",
       "state":"",
       "city":"",
       "postal_code":"",
       "street_address":"",
       "categories":[
 
       ]
     }
   },
   {
     "model":"user.profile",
     "pk":2,
     "fields":{
       "user":2,
       "company":"Magic house painting Inc",
       "phone_number":"",
       "country":"",
       "state":"",
       "city":"",
       "postal_code":"",
       "street_address":"",
       "categories":[
         2
       ]
     }
   },
   {
     "model":"user.profile",
     "pk":3,
     "fields":{
       "user":3,
       "company":"Dough gardens",
       "phone_number":"",
       "country":"",
       "state":"",
       "city":"",
       "postal_code":"",
       "street_address":"",
       "categories":[
         3
       ]
     }
   },
   {
     "model":"user.profile",
     "pk":4,
     "fields":{
       "user":4,
       "company":"",
       "phone_number":"",
       "country":"",
       "state":"",
       "city":"",
       "postal_code":"",
       "street_address":"",
       "categories":[
 
       ]
     }
   },
   {
     "model":"admin.logentry",
     "pk":1,
     "fields":{
       "action_time":"2020-01-16T10:51:44.522Z",
       "user":1,
       "content_type":9,
       "object_id":"1",
       "object_repr":"Cleaning",
       "action_flag":1,
       "change_message":"[{\"added\": {}}]"
     }
   },
   {
     "model":"admin.logentry",
     "pk":2,
     "fields":{
       "action_time":"2020-01-16T10:51:47.980Z",
       "user":1,
       "content_type":9,
       "object_id":"2",
       "object_repr":"Painting",
       "action_flag":1,
       "change_message":"[{\"added\": {}}]"
     }
   },
   {
     "model":"admin.logentry",
     "pk":3,
     "fields":{
       "action_time":"2020-01-16T10:51:54.989Z",
       "user":1,
       "content_type":9,
       "object_id":"3",
       "object_repr":"Gardening",
       "action_flag":1,
       "change_message":"[{\"added\": {}}]"
     }
   },
   {
     "model":"admin.logentry",
     "pk":4,
     "fields":{
       "action_time":"2020-01-16T10:59:53.199Z",
       "user":1,
       "content_type":4,
       "object_id":"2",
       "object_repr":"harrypotter",
       "action_flag":2,
       "change_message":"[{\"changed\": {\"fields\": [\"is_staff\", \"is_superuser\"]}}, {\"changed\": {\"name\": \"profile\", \"object\": \"harrypotter\", \"fields\": [\"company\", \"categories\"]}}]"
     }
   },
   {
     "model":"admin.logentry",
     "pk":5,
     "fields":{
       "action_time":"2020-01-16T11:00:09.279Z",
       "user":1,
       "content_type":4,
       "object_id":"3",
       "object_repr":"joe",
       "action_flag":2,
       "change_message":"[{\"changed\": {\"name\": \"profile\", \"object\": \"joe\", \"fields\": [\"company\", \"categories\"]}}]"
     }
   },
   {
     "model":"admin.logentry",
     "pk":6,
     "fields":{
       "action_time":"2020-01-16T11:00:25.735Z",
       "user":1,
       "content_type":4,
       "object_id":"2",
       "object_repr":"harrypotter",
       "action_flag":2,
       "change_message":"[{\"changed\": {\"fields\": [\"first_name\", \"last_name\"]}}]"
     }
   },
   {
     "model":"admin.logentry",
     "pk":7,
     "fields":{
       "action_time":"2020-01-16T11:00:39.410Z",
       "user":1,
       "content_type":4,
       "object_id":"3",
       "object_repr":"joe",
       "action_flag":2,
       "change_message":"[{\"changed\": {\"fields\": [\"first_name\", \"last_name\"]}}]"
     }
   },
   {
     "model":"admin.logentry",
     "pk":8,
     "fields":{
       "action_time":"2020-01-16T12:48:27.469Z",
       "user":1,
       "content_type":4,
       "object_id":"3",
       "object_repr":"joe",
       "action_flag":2,
       "change_message":"[{\"changed\": {\"fields\": [\"is_staff\", \"is_superuser\"]}}]"
     }
   },
   {
     "model":"admin.logentry",
     "pk":9,
     "fields":{
       "action_time":"2020-02-29T12:37:20.026Z",
       "user":4,
       "content_type":4,
       "object_id":"4",
       "object_repr":"supermats",
       "action_flag":2,
       "change_message":"[{\"changed\": {\"fields\": [\"password\"]}}]"
     }
   },
   {
     "model":"admin.logentry",
     "pk":10,
     "fields":{
       "action_time":"2020-02-29T21:27:08.090Z",
       "user":4,
       "content_type":8,
       "object_id":"2",
       "object_repr":"Tags test",
       "action_flag":2,
       "change_message":"[{\"changed\": {\"fields\": [\"participants\", \"tags\"]}}]"
     }
   },
   {
     "model":"admin.logentry",
     "pk":11,
     "fields":{
       "action_time":"2020-02-29T21:36:56.581Z",
       "user":4,
       "content_type":8,
       "object_id":"2",
       "object_repr":"Tags test",
       "action_flag":2,
       "change_message":"[{\"changed\": {\"fields\": [\"tags\"]}}]"
     }
   },
   {
     "model":"admin.logentry",
     "pk":12,
     "fields":{
       "action_time":"2020-02-29T22:03:28.915Z",
       "user":4,
       "content_type":8,
       "object_id":"7",
       "object_repr":"asdasf",
       "action_flag":3,
       "change_message":""
     }
   },
   {
     "model":"admin.logentry",
     "pk":13,
     "fields":{
       "action_time":"2020-02-29T22:03:28.917Z",
       "user":4,
       "content_type":8,
       "object_id":"6",
       "object_repr":"dsafasc",
       "action_flag":3,
       "change_message":""
     }
   },
   {
     "model":"admin.logentry",
     "pk":14,
     "fields":{
       "action_time":"2020-02-29T22:03:28.919Z",
       "user":4,
       "content_type":8,
       "object_id":"5",
       "object_repr":"gaiuysasd",
       "action_flag":3,
       "change_message":""
     }
   },
   {
     "model":"admin.logentry",
     "pk":15,
     "fields":{
       "action_time":"2020-02-29T22:03:28.921Z",
       "user":4,
       "content_type":8,
       "object_id":"4",
       "object_repr":"Test tag 3 title",
       "action_flag":3,
       "change_message":""
     }
   },
   {
     "model":"admin.logentry",
     "pk":16,
     "fields":{
       "action_time":"2020-02-29T22:03:28.923Z",
       "user":4,
       "content_type":8,
       "object_id":"3",
       "object_repr":"Test tag 2 title",
       "action_flag":3,
       "change_message":""
     }
   },
   {
     "model":"admin.logentry",
     "pk":17,
     "fields":{
       "action_time":"2020-02-29T22:03:28.925Z",
       "user":4,
       "content_type":8,
       "object_id":"2",
       "object_repr":"Tags test",
       "action_flag":3,
       "change_message":""
     }
   },
   {
     "model":"admin.logentry",
     "pk":18,
     "fields":{
       "action_time":"2020-02-29T22:07:00.490Z",
       "user":4,
       "content_type":8,
       "object_id":"1",
       "object_repr":"Fixing the outside of my house",
       "action_flag":2,
       "change_message":"[{\"changed\": {\"fields\": [\"tags\"]}}]"
     }
   },
   {
     "model":"admin.logentry",
     "pk":19,
     "fields":{
       "action_time":"2020-03-02T17:02:20.958Z",
       "user":4,
       "content_type":9,
       "object_id":"3",
       "object_repr":"Gardening",
       "action_flag":2,
       "change_message":"[{\"changed\": {\"fields\": [\"tags\"]}}]"
     }
   },
   {
     "model":"admin.logentry",
     "pk":20,
     "fields":{
       "action_time":"2020-03-02T17:02:35.568Z",
       "user":4,
       "content_type":9,
       "object_id":"2",
       "object_repr":"Painting",
       "action_flag":2,
       "change_message":"[{\"changed\": {\"fields\": [\"tags\"]}}]"
     }
   },
   {
     "model":"admin.logentry",
     "pk":21,
     "fields":{
       "action_time":"2020-03-02T17:02:47.466Z",
       "user":4,
       "content_type":9,
       "object_id":"1",
       "object_repr":"Cleaning",
       "action_flag":2,
       "change_message":"[{\"changed\": {\"fields\": [\"tags\"]}}]"
     }
   },
   {
     "model":"admin.logentry",
     "pk":22,
     "fields":{
       "action_time":"2020-03-02T17:21:25.106Z",
       "user":4,
       "content_type":8,
       "object_id":"16",
       "object_repr":"asd",
       "action_flag":2,
       "change_message":"[{\"changed\": {\"fields\": [\"participants\", \"category\", \"tags\"]}}]"
     }
   },
   {
     "model":"admin.logentry",
     "pk":23,
     "fields":{
       "action_time":"2020-03-02T17:21:36.919Z",
       "user":4,
       "content_type":8,
       "object_id":"16",
       "object_repr":"asd",
       "action_flag":2,
       "change_message":"[{\"changed\": {\"fields\": [\"category\", \"tags\"]}}]"
     }
   },
   {
     "model":"admin.logentry",
     "pk":24,
     "fields":{
       "action_time":"2020-03-03T10:20:47.896Z",
       "user":4,
       "content_type":8,
       "object_id":"17",
       "object_repr":"Cleaning tag 3 test",
       "action_flag":3,
       "change_message":""
     }
   },
   {
     "model":"admin.logentry",
     "pk":25,
     "fields":{
       "action_time":"2020-03-03T10:20:47.901Z",
       "user":4,
       "content_type":8,
       "object_id":"16",
       "object_repr":"asd",
       "action_flag":3,
       "change_message":""
     }
   },
   {
     "model":"admin.logentry",
     "pk":26,
     "fields":{
       "action_time":"2020-03-03T10:20:47.902Z",
       "user":4,
       "content_type":8,
       "object_id":"15",
       "object_repr":"asdas",
       "action_flag":3,
       "change_message":""
     }
   },
   {
     "model":"admin.logentry",
     "pk":27,
     "fields":{
       "action_time":"2020-03-03T10:20:47.904Z",
       "user":4,
       "content_type":8,
       "object_id":"14",
       "object_repr":"asdas",
       "action_flag":3,
       "change_message":""
     }
   },
   {
     "model":"admin.logentry",
     "pk":28,
     "fields":{
       "action_time":"2020-03-03T10:20:47.907Z",
       "user":4,
       "content_type":8,
       "object_id":"13",
       "object_repr":"asdas",
       "action_flag":3,
       "change_message":""
     }
   },
   {
     "model":"admin.logentry",
     "pk":29,
     "fields":{
       "action_time":"2020-03-03T10:20:47.908Z",
       "user":4,
       "content_type":8,
       "object_id":"12",
       "object_repr":"testst",
       "action_flag":3,
       "change_message":""
     }
   },
   {
     "model":"admin.logentry",
     "pk":30,
     "fields":{
       "action_time":"2020-03-03T10:20:47.910Z",
       "user":4,
       "content_type":8,
       "object_id":"11",
       "object_repr":"test project category tags",
       "action_flag":3,
       "change_message":""
     }
   },
   {
     "model":"admin.logentry",
     "pk":31,
     "fields":{
       "action_time":"2020-03-03T10:20:47.912Z",
       "user":4,
       "content_type":8,
       "object_id":"10",
       "object_repr":"test email",
       "action_flag":3,
       "change_message":""
     }
   },
   {
     "model":"admin.logentry",
     "pk":32,
     "fields":{
       "action_time":"2020-03-03T10:20:47.914Z",
       "user":4,
       "content_type":8,
       "object_id":"9",
       "object_repr":"House test tag",
       "action_flag":3,
       "change_message":""
     }
   },
   {
     "model":"admin.logentry",
     "pk":33,
     "fields":{
       "action_time":"2020-03-03T10:20:47.916Z",
       "user":4,
       "content_type":8,
       "object_id":"8",
       "object_repr":"My project",
       "action_flag":3,
       "change_message":""
     }
   },
   {
     "model":"admin.logentry",
     "pk":34,
     "fields":{
       "action_time":"2020-03-03T10:22:15.195Z",
       "user":4,
       "content_type":8,
       "object_id":"1",
       "object_repr":"Fixing the outside of my house",
       "action_flag":2,
       "change_message":"[{\"changed\": {\"fields\": [\"tags\"]}}]"
     }
   },
   {
     "model":"admin.logentry",
     "pk":35,
     "fields":{
       "action_time":"2020-03-03T16:00:51.006Z",
       "user":4,
       "content_type":17,
       "object_id":"14",
       "object_repr":"123",
       "action_flag":3,
       "change_message":""
     }
   },
   {
     "model":"admin.logentry",
     "pk":36,
     "fields":{
       "action_time":"2020-03-03T16:00:51.011Z",
       "user":4,
       "content_type":17,
       "object_id":"15",
       "object_repr":"12312",
       "action_flag":3,
       "change_message":""
     }
   },
   {
     "model":"admin.logentry",
     "pk":37,
     "fields":{
       "action_time":"2020-03-03T16:00:51.014Z",
       "user":4,
       "content_type":17,
       "object_id":"16",
       "object_repr":"asd",
       "action_flag":3,
       "change_message":""
     }
   },
   {
     "model":"admin.logentry",
     "pk":38,
     "fields":{
       "action_time":"2020-03-03T16:00:51.016Z",
       "user":4,
       "content_type":17,
       "object_id":"22",
       "object_repr":"cleaning-tag1",
       "action_flag":3,
       "change_message":""
     }
   },
   {
     "model":"admin.logentry",
     "pk":39,
     "fields":{
       "action_time":"2020-03-03T16:00:51.018Z",
       "user":4,
       "content_type":17,
       "object_id":"21",
       "object_repr":"cleaning-tag2",
       "action_flag":3,
       "change_message":""
     }
   },
   {
     "model":"admin.logentry",
     "pk":40,
     "fields":{
       "action_time":"2020-03-03T16:00:51.020Z",
       "user":4,
       "content_type":17,
       "object_id":"23",
       "object_repr":"cleaning-tag3",
       "action_flag":3,
       "change_message":""
     }
   },
   {
     "model":"admin.logentry",
     "pk":41,
     "fields":{
       "action_time":"2020-03-03T16:00:51.022Z",
       "user":4,
       "content_type":17,
       "object_id":"11",
       "object_repr":"fixing",
       "action_flag":3,
       "change_message":""
     }
   },
   {
     "model":"admin.logentry",
     "pk":42,
     "fields":{
       "action_time":"2020-03-03T16:00:51.025Z",
       "user":4,
       "content_type":17,
       "object_id":"18",
       "object_repr":"gardening-tag1",
       "action_flag":3,
       "change_message":""
     }
   },
   {
     "model":"admin.logentry",
     "pk":43,
     "fields":{
       "action_time":"2020-03-03T16:00:51.027Z",
       "user":4,
       "content_type":17,
       "object_id":"17",
       "object_repr":"gardening-tag2",
       "action_flag":3,
       "change_message":""
     }
   },
   {
     "model":"admin.logentry",
     "pk":44,
     "fields":{
       "action_time":"2020-03-03T16:00:51.029Z",
       "user":4,
       "content_type":17,
       "object_id":"10",
       "object_repr":"house",
       "action_flag":3,
       "change_message":""
     }
   },
   {
     "model":"admin.logentry",
     "pk":45,
     "fields":{
       "action_time":"2020-03-03T16:00:51.031Z",
       "user":4,
       "content_type":17,
       "object_id":"9",
       "object_repr":"landscaping",
       "action_flag":3,
       "change_message":""
     }
   },
   {
     "model":"admin.logentry",
     "pk":46,
     "fields":{
       "action_time":"2020-03-03T16:00:51.032Z",
       "user":4,
       "content_type":17,
       "object_id":"12",
       "object_repr":"painting",
       "action_flag":3,
       "change_message":""
     }
   },
   {
     "model":"admin.logentry",
     "pk":47,
     "fields":{
       "action_time":"2020-03-03T16:00:51.034Z",
       "user":4,
       "content_type":17,
       "object_id":"20",
       "object_repr":"painting-tag1",
       "action_flag":3,
       "change_message":""
     }
   },
   {
     "model":"admin.logentry",
     "pk":48,
     "fields":{
       "action_time":"2020-03-03T16:00:51.036Z",
       "user":4,
       "content_type":17,
       "object_id":"19",
       "object_repr":"painting-tag2",
       "action_flag":3,
       "change_message":""
     }
   },
   {
     "model":"admin.logentry",
     "pk":49,
     "fields":{
       "action_time":"2020-03-03T16:00:51.039Z",
       "user":4,
       "content_type":17,
       "object_id":"3",
       "object_repr":"tag1",
       "action_flag":3,
       "change_message":""
     }
   },
   {
     "model":"admin.logentry",
     "pk":50,
     "fields":{
       "action_time":"2020-03-03T16:00:51.041Z",
       "user":4,
       "content_type":17,
       "object_id":"4",
       "object_repr":"tag2",
       "action_flag":3,
       "change_message":""
     }
   },
   {
     "model":"admin.logentry",
     "pk":51,
     "fields":{
       "action_time":"2020-03-03T16:00:51.042Z",
       "user":4,
       "content_type":17,
       "object_id":"6",
       "object_repr":"tag3",
       "action_flag":3,
       "change_message":""
     }
   },
   {
     "model":"admin.logentry",
     "pk":52,
     "fields":{
       "action_time":"2020-03-03T16:00:51.044Z",
       "user":4,
       "content_type":17,
       "object_id":"5",
       "object_repr":"tag4",
       "action_flag":3,
       "change_message":""
     }
   },
   {
     "model":"admin.logentry",
     "pk":53,
     "fields":{
       "action_time":"2020-03-03T16:00:51.046Z",
       "user":4,
       "content_type":17,
       "object_id":"1",
       "object_repr":"test-tag",
       "action_flag":3,
       "change_message":""
     }
   },
   {
     "model":"admin.logentry",
     "pk":54,
     "fields":{
       "action_time":"2020-03-03T16:00:51.048Z",
       "user":4,
       "content_type":17,
       "object_id":"2",
       "object_repr":"test-tag-2",
       "action_flag":3,
       "change_message":""
     }
   },
   {
     "model":"admin.logentry",
     "pk":55,
     "fields":{
       "action_time":"2020-03-03T16:00:51.050Z",
       "user":4,
       "content_type":17,
       "object_id":"13",
       "object_repr":"testingtesting",
       "action_flag":3,
       "change_message":""
     }
   },
   {
     "model":"admin.logentry",
     "pk":56,
     "fields":{
       "action_time":"2020-03-03T16:00:51.052Z",
       "user":4,
       "content_type":17,
       "object_id":"8",
       "object_repr":"testtag1",
       "action_flag":3,
       "change_message":""
     }
   },
   {
     "model":"admin.logentry",
     "pk":57,
     "fields":{
       "action_time":"2020-03-03T16:00:51.055Z",
       "user":4,
       "content_type":17,
       "object_id":"7",
       "object_repr":"testtag2",
       "action_flag":3,
       "change_message":""
     }
   },
   {
     "model":"admin.logentry",
     "pk":58,
     "fields":{
       "action_time":"2020-03-03T16:11:40.494Z",
       "user":4,
       "content_type":17,
       "object_id":"26",
       "object_repr":"cleaning",
       "action_flag":3,
       "change_message":""
     }
   },
   {
     "model":"admin.logentry",
     "pk":59,
     "fields":{
       "action_time":"2020-03-03T16:11:40.497Z",
       "user":4,
       "content_type":17,
       "object_id":"27",
       "object_repr":"pay",
       "action_flag":3,
       "change_message":""
     }
   },
   {
     "model":"admin.logentry",
     "pk":60,
     "fields":{
       "action_time":"2020-03-03T16:11:40.499Z",
       "user":4,
       "content_type":17,
       "object_id":"25",
       "object_repr":"washing",
       "action_flag":3,
       "change_message":""
     }
   },
   {
     "model":"admin.logentry",
     "pk":61,
     "fields":{
       "action_time":"2020-03-03T16:11:40.501Z",
       "user":4,
       "content_type":17,
       "object_id":"24",
       "object_repr":"washing, cleaning, pay",
       "action_flag":3,
       "change_message":""
     }
   },
   {
     "model":"admin.logentry",
     "pk":62,
     "fields":{
       "action_time":"2020-03-03T21:53:05.090Z",
       "user":4,
       "content_type":8,
       "object_id":"20",
       "object_repr":"Test project",
       "action_flag":3,
       "change_message":""
     }
   },
   {
     "model":"admin.logentry",
     "pk":63,
     "fields":{
       "action_time":"2020-03-03T21:53:05.093Z",
       "user":4,
       "content_type":8,
       "object_id":"19",
       "object_repr":"Please clean my house",
       "action_flag":3,
       "change_message":""
     }
   },
   {
     "model":"admin.logentry",
     "pk":64,
     "fields":{
       "action_time":"2020-03-03T21:53:05.095Z",
       "user":4,
       "content_type":8,
       "object_id":"18",
       "object_repr":"Please clean my house",
       "action_flag":3,
       "change_message":""
     }
   },
   {
     "model":"admin.logentry",
     "pk":65,
     "fields":{
       "action_time":"2020-03-03T21:53:05.098Z",
       "user":4,
       "content_type":8,
       "object_id":"2",
       "object_repr":"Please clean my house",
       "action_flag":3,
       "change_message":""
     }
   },
   {
     "model":"admin.logentry",
     "pk":66,
     "fields":{
       "action_time":"2020-03-03T21:53:05.100Z",
       "user":4,
       "content_type":8,
       "object_id":"1",
       "object_repr":"Fixing the outside of my house",
       "action_flag":3,
       "change_message":""
     }
   },
   {
     "model":"admin.logentry",
     "pk":67,
     "fields":{
       "action_time":"2020-03-04T16:33:09.530Z",
       "user":4,
       "content_type":8,
       "object_id":"6",
       "object_repr":"Plant a tree",
       "action_flag":3,
       "change_message":""
     }
   },
   {
     "model":"admin.logentry",
     "pk":68,
     "fields":{
       "action_time":"2020-03-04T16:33:09.535Z",
       "user":4,
       "content_type":8,
       "object_id":"5",
       "object_repr":"Paint the garage",
       "action_flag":3,
       "change_message":""
     }
   },
   {
     "model":"admin.logentry",
     "pk":69,
     "fields":{
       "action_time":"2020-03-04T16:33:09.537Z",
       "user":4,
       "content_type":8,
       "object_id":"4",
       "object_repr":"Paint the door",
       "action_flag":3,
       "change_message":""
     }
   },
   {
     "model":"admin.logentry",
     "pk":70,
     "fields":{
       "action_time":"2020-03-04T16:33:09.539Z",
       "user":4,
       "content_type":8,
       "object_id":"3",
       "object_repr":"Old basement need cleaning",
       "action_flag":3,
       "change_message":""
     }
   },
   {
     "model":"admin.logentry",
     "pk":71,
     "fields":{
       "action_time":"2020-03-04T16:33:09.541Z",
       "user":4,
       "content_type":8,
       "object_id":"2",
       "object_repr":"Please clean my house",
       "action_flag":3,
       "change_message":""
     }
   },
   {
     "model":"admin.logentry",
     "pk":72,
     "fields":{
       "action_time":"2020-03-04T16:33:09.543Z",
       "user":4,
       "content_type":8,
       "object_id":"1",
       "object_repr":"Fixing the outside of my house",
       "action_flag":3,
       "change_message":""
     }
   },
   {
     "model":"admin.logentry",
     "pk":73,
     "fields":{
       "action_time":"2020-03-04T16:33:23.818Z",
       "user":4,
       "content_type":17,
       "object_id":"28",
       "object_repr":"bestjobever",
       "action_flag":3,
       "change_message":""
     }
   },
   {
     "model":"admin.logentry",
     "pk":74,
     "fields":{
       "action_time":"2020-03-04T16:33:23.821Z",
       "user":4,
       "content_type":17,
       "object_id":"31",
       "object_repr":"cleaning",
       "action_flag":3,
       "change_message":""
     }
   },
   {
     "model":"admin.logentry",
     "pk":75,
     "fields":{
       "action_time":"2020-03-04T16:33:23.823Z",
       "user":4,
       "content_type":17,
       "object_id":"32",
       "object_repr":"paint",
       "action_flag":3,
       "change_message":""
     }
   },
   {
     "model":"admin.logentry",
     "pk":76,
     "fields":{
       "action_time":"2020-03-04T16:33:23.825Z",
       "user":4,
       "content_type":17,
       "object_id":"30",
       "object_repr":"pay",
       "action_flag":3,
       "change_message":""
     }
   },
   {
     "model":"admin.logentry",
     "pk":77,
     "fields":{
       "action_time":"2020-03-04T16:33:23.827Z",
       "user":4,
       "content_type":17,
       "object_id":"33",
       "object_repr":"test",
       "action_flag":3,
       "change_message":""
     }
   },
   {
     "model":"admin.logentry",
     "pk":78,
     "fields":{
       "action_time":"2020-03-04T16:33:23.829Z",
       "user":4,
       "content_type":17,
       "object_id":"29",
       "object_repr":"washing",
       "action_flag":3,
       "change_message":""
     }
   },
   {
     "model":"admin.logentry",
     "pk":79,
     "fields":{
       "action_time":"2020-03-04T16:33:23.831Z",
       "user":4,
       "content_type":17,
       "object_id":"34",
       "object_repr":"yey",
       "action_flag":3,
       "change_message":""
     }
   },
   {
     "model":"admin.logentry",
     "pk":80,
     "fields":{
       "action_time":"2020-03-04T17:25:32.721Z",
       "user":4,
       "content_type":8,
       "object_id":"6",
       "object_repr":"Plant a tree",
       "action_flag":3,
       "change_message":""
     }
   },
   {
     "model":"admin.logentry",
     "pk":81,
     "fields":{
       "action_time":"2020-03-04T17:25:32.733Z",
       "user":4,
       "content_type":8,
       "object_id":"5",
       "object_repr":"Paint the garage",
       "action_flag":3,
       "change_message":""
     }
   },
   {
     "model":"admin.logentry",
     "pk":82,
     "fields":{
       "action_time":"2020-03-04T17:25:32.734Z",
       "user":4,
       "content_type":8,
       "object_id":"4",
       "object_repr":"Paint the door",
       "action_flag":3,
       "change_message":""
     }
   },
   {
     "model":"admin.logentry",
     "pk":83,
     "fields":{
       "action_time":"2020-03-04T17:25:32.736Z",
       "user":4,
       "content_type":8,
       "object_id":"3",
       "object_repr":"Old basement need cleaning",
       "action_flag":3,
       "change_message":""
     }
   },
   {
     "model":"admin.logentry",
     "pk":84,
     "fields":{
       "action_time":"2020-03-04T17:25:32.738Z",
       "user":4,
       "content_type":8,
       "object_id":"2",
       "object_repr":"Please clean my house",
       "action_flag":3,
       "change_message":""
     }
   },
   {
     "model":"admin.logentry",
     "pk":85,
     "fields":{
       "action_time":"2020-03-04T17:25:32.740Z",
       "user":4,
       "content_type":8,
       "object_id":"1",
       "object_repr":"Fixing the outside of my house",
       "action_flag":3,
       "change_message":""
     }
   }
 ]